
{"items":[{"name":"ASE_BOOSE_Assignment","href":"ASE_BOOSE_Assignment.html","topicHref":"ASE_BOOSE_Assignment.html","topicUid":"ASE_BOOSE_Assignment","items":[{"name":"booseGUI","href":"ASE_BOOSE_Assignment.booseGUI.html","topicHref":"ASE_BOOSE_Assignment.booseGUI.html","topicUid":"ASE_BOOSE_Assignment.booseGUI"}]},{"name":"ASE_BOOSE_Tests","href":"ASE_BOOSE_Tests.html","topicHref":"ASE_BOOSE_Tests.html","topicUid":"ASE_BOOSE_Tests","items":[{"name":"CanvasTests","href":"ASE_BOOSE_Tests.CanvasTests.html","topicHref":"ASE_BOOSE_Tests.CanvasTests.html","topicUid":"ASE_BOOSE_Tests.CanvasTests"}]}],"memberLayout":"SamePage","pdf":true}
